CHROM	POS
chr19	44903182
chr19	44903202
chr19	44903281
chr19	44903356
chr19	44903416
chr19	44903541
chr19	44903643
chr19	44903856
chr19	44903861
chr19	44903874
chr19	44903969
chr19	44903986
chr19	44903994
chr19	44904027
chr19	44904069
chr19	44904152
chr19	44904180
chr19	44904232
chr19	44904270
chr19	44904365
chr19	44904398
chr19	44904418
chr19	44904447
chr19	44904463
chr19	44904531
chr19	44904688
chr19	44904820
chr19	44904920
chr19	44905023
chr19	44905055
chr19	44905154
chr19	44905218
chr19	44905279
chr19	44905305
chr19	44905307
chr19	44905324
chr19	44905371
chr19	44905579
chr19	44905755
chr19	44905856
chr19	44905910
chr19	44905923
chr19	44905978
chr19	44906026
chr19	44906129
chr19	44906225
chr19	44906269
chr19	44906286
chr19	44906322
chr19	44906338
chr19	44906351
chr19	44906689
chr19	44906691
chr19	44906693
chr19	44906745
chr19	44906819
chr19	44907016
chr19	44907187
chr19	44907291
chr19	44907338
chr19	44907414
chr19	44907430
chr19	44907768
chr19	44907807
chr19	44907853
chr19	44907921
chr19	44908420
chr19	44908513
chr19	44908684
chr19	44908783
chr19	44908822
chr19	44909080
chr19	44909083
chr19	44909275
chr19	44909484
chr19	44909698
chr19	44909839
chr19	44909972
chr19	44909974
chr19	44909976
chr19	44910032
chr19	44910319
chr19	44910595
chr19	44910671
chr19	44910682
chr19	44910848
chr19	44910852
chr19	44910882
chr19	44910884
chr19	44911058
chr19	44911135
chr19	44911142
chr19	44911156
chr19	44911194
chr19	44911492
chr19	44911630
chr19	44911772
chr19	44911963
chr19	44912008
chr19	44912028
chr19	44912234
chr19	44912383
chr19	44912456
chr19	44912678
chr19	44912693
chr19	44912842
chr19	44912921
chr19	44913034
chr19	44913221
chr19	44913339
chr19	44913347
chr19	44913421
chr19	44913436
chr19	44913484
chr19	44913739
chr19	44913805
chr19	44913880
chr19	44913898
chr19	44913943
chr19	44913947
chr19	44914242
chr19	44914318
chr19	44914357
chr19	44914361
chr19	44914381
chr19	44914487
chr19	44914557
chr19	44914737
chr19	44914939
chr19	44914980
chr19	44914994
chr19	44915090
chr19	44915102
chr19	44915134
chr19	44915189
chr19	44915229
chr19	44915305
chr19	44915347
chr19	44915384
chr19	44915533
chr19	44915599
chr19	44915631
chr19	44915704
chr19	44915886
chr19	44915928
chr19	44916146
chr19	44916154
chr19	44916210
chr19	44916348
chr19	44916462
chr19	44916688
chr19	44916809
chr19	44916822
chr19	44916825
chr19	44916828
chr19	44916837
chr19	44917021
chr19	44917086
chr19	44917236
chr19	44917590
chr19	44917690
chr19	44917843
chr19	44917906
chr19	44917947
chr19	44917961
chr19	44917970
chr19	44917997
chr19	44918057
chr19	44918263
chr19	44918353
chr19	44918393
chr19	44918487
chr19	44918620
chr19	44918628
chr19	44918633
chr19	44918669
chr19	44918715
chr19	44918870
chr19	44918903
chr19	44918996
chr19	44919301
chr19	44919304
chr19	44919330
chr19	44919353
chr19	44919359
chr19	44919379
chr19	44919385
chr19	44919436
chr19	44919589
chr19	44919689
chr19	44919821
chr19	44919831
chr19	44919954
chr19	44920073
chr19	44920124
chr19	44920371
chr19	44920379
chr19	44920475
chr19	44920574
chr19	44920677
chr19	44920687
chr19	44920695
chr19	44920980
chr19	44921079
chr19	44921082
chr19	44921125
chr19	44921243
chr19	44921257
chr19	44921320
