SNP	Importance
chr19_44917086	0.07642983217609368
chr19_44921082	0.06835587771830548
chr19_44919330	0.036601842905399876
chr19_44905307	0.03644067837595619
chr19_44904463	0.03104918453561791
chr19_44910852	0.03014189082183948
chr19_44903541	0.029556103518416654
chr19_44903969	0.029496672323929395
chr19_44921257	0.029483588250798526
chr19_44916809	0.024900736354410938
chr19_44904180	0.0246653921107574
chr19_44905579	0.022228352515822294
chr19_44903861	0.02175952302089565
chr19_44904820	0.02034445390945216
chr19_44916828	0.01890116893477968
chr19_44920677	0.01849589406251632
chr19_44917236	0.018364231467917817
chr19_44913484	0.015865441645548505
chr19_44911194	0.013701634382142093
chr19_44903416	0.013685554209332285
chr19_44917997	0.013368130523426837
chr19_44915704	0.012976307915495953
chr19_44912921	0.012211492768286836
chr19_44913221	0.011959458305189059
chr19_44918620	0.011607546365877885
chr19_44921243	0.011306740146095996
chr19_44905910	0.010783100726037194
chr19_44907187	0.010712594165791654
chr19_44903281	0.010591897610784513
chr19_44915347	0.010439241555107663
chr19_44916825	0.010358288287673496
chr19_44906026	0.009985792697166547
chr19_44904531	0.00993970263697039
chr19_44906819	0.009468008889357293
chr19_44905856	0.008932119714867546
chr19_44911630	0.008414911669577124
chr19_44910682	0.008223727610130288
chr19_44905218	0.007783945457551791
chr19_44913034	0.006980704988025898
chr19_44906745	0.006383360677251715
chr19_44914994	0.006100494230414996
chr19_44913421	0.006074266808799772
chr19_44905371	0.006063056839733783
chr19_44912383	0.005785800924046474
chr19_44908684	0.005723159808094635
chr19_44918487	0.005654807618353313
chr19_44917961	0.005558104062518692
chr19_44918715	0.005513532917371949
chr19_44919589	0.005360412554547783
chr19_44919689	0.005358357507599292
chr19_44917843	0.005324549635273668
chr19_44912456	0.005183015322048528
chr19_44910319	0.005175016572310744
chr19_44903356	0.005057385486489617
chr19_44915189	0.004752004689318094
chr19_44920379	0.004661876236731804
chr19_44918903	0.004583795792262144
chr19_44918669	0.004178231495093401
chr19_44914381	0.004155082958650809
chr19_44906338	0.004151985482079971
chr19_44905055	0.003946289080020671
chr19_44917947	0.003922827180120788
chr19_44906351	0.0039166381908459155
chr19_44904418	0.0037410961106885137
chr19_44918393	0.0033881252558968945
chr19_44911142	0.0033654726432379993
chr19_44908420	0.003319338608561227
chr19_44907016	0.003119447977775838
chr19_44904152	0.003000773462973783
chr19_44913436	0.0028459065816326457
chr19_44904069	0.0028040970012276987
chr19_44912693	0.0027077495945977328
chr19_44910882	0.002674061793721198
chr19_44913943	0.002561798408344918
chr19_44921125	0.0025079539702810654
chr19_44910884	0.002459667907613315
chr19_44916822	0.002436758182013497
chr19_44917021	0.0024231712410323304
chr19_44920980	0.0024212682148948396
chr19_44915533	0.0024099962216445735
chr19_44909976	0.002403133039560294
chr19_44908783	0.0023892741511690407
chr19_44916837	0.0023601110797341535
chr19_44918633	0.0023431215280506137
chr19_44912678	0.002321928847282238
chr19_44909839	0.0022951708014559828
chr19_44904398	0.0022003084337499836
chr19_44909698	0.0021922152761847764
chr19_44908822	0.0021697480577579768
chr19_44918628	0.0019700489014335995
chr19_44903874	0.0019243228761491942
chr19_44912842	0.0018886856044275032
chr19_44919379	0.0018409357886554423
chr19_44911492	0.0018098913948864943
chr19_44919304	0.0016725962790859698
chr19_44907291	0.0013430900299569554
chr19_44904920	0.0013331795673999195
chr19_44908513	0.001229154692213862
chr19_44918996	0.0011680524389329327
chr19_44912028	0.001082016506535036
chr19_44906689	0.0010573579826940937
chr19_44919821	0.0009622931667450683
chr19_44914487	0.000912271258746068
chr19_44917906	0.0008954170012942012
chr19_44917590	0.0008701850127582918
chr19_44920687	0.000749297490895201
chr19_44906322	0.0007071467566673033
chr19_44903994	0.0006791818451927184
chr19_44905978	0.0006537315540534398
chr19_44910671	0.0006076233357607689
chr19_44920073	0.0005814307448151437
chr19_44920371	0.0005679788035793256
chr19_44912234	0.0005663380442272103
chr19_44914361	0.0005427862120839933
chr19_44917690	0.00045546044462473707
chr19_44914939	0.0004443583995937592
chr19_44906286	0.0004131625003946732
chr19_44920695	0.00036321410373791533
chr19_44903986	0.00033391572927455313
chr19_44916146	0.00033283740740291023
chr19_44915305	0.0002614019408333664
chr19_44903643	0.00022941816858898062
chr19_44905305	0.0001911404485521407
chr19_44915229	0.00015376383832434377
chr19_44909484	0.00013999007129172802
chr19_44911135	0.00013914581369834628
chr19_44914557	0.00011087661332942505
chr19_44906225	0.0001018475729324013
chr19_44907430	8.130491410329248e-05
chr19_44905755	7.140000072768143e-05
chr19_44911058	7.048940129142775e-05
chr19_44915102	6.331871764333855e-05
chr19_44915134	4.8784856556144216e-05
chr19_44911156	4.7151707615516e-05
chr19_44907807	4.400944447161495e-05
chr19_44906269	3.8912662168231e-05
chr19_44911772	3.7700429825071485e-05
chr19_44919436	3.262838726966823e-05
chr19_44915928	2.989855133847719e-05
chr19_44921079	2.7065358722710664e-05
chr19_44913805	2.643702413690287e-05
chr19_44905023	2.1321269217540935e-05
chr19_44909275	1.7082903310635124e-05
chr19_44904447	1.534315338347273e-05
chr19_44919954	1.3612495368756709e-05
chr19_44916688	1.2546467103728919e-05
chr19_44914737	6.354844844499186e-06
chr19_44904232	6.159812744008681e-06
chr19_44915886	5.245002418944572e-06
chr19_44905923	4.954055891873557e-06
chr19_44904688	4.864867347896399e-06
chr19_44912008	4.754566222630869e-06
chr19_44914980	4.041731400360546e-06
chr19_44904365	3.2315127395550197e-06
chr19_44918057	3.215779251035436e-06
chr19_44919301	3.1212143802486795e-06
chr19_44919385	2.8448231711635995e-06
chr19_44920475	1.9346793992260013e-06
chr19_44913739	1.6057781387004567e-06
chr19_44914318	1.3589773295565899e-06
chr19_44910848	9.488628691373432e-07
chr19_44919353	9.13340133229778e-07
chr19_44919831	8.808533637193903e-07
chr19_44906129	5.19345850287161e-07
chr19_44915090	2.868010596211194e-07
chr19_44907921	2.2681924079595647e-07
chr19_44916462	1.4587694339904014e-07
chr19_44916154	1.2368730654759265e-07
chr19_44905279	7.192041159199896e-08
chr19_44913947	4.95684083070278e-08
chr19_44907414	3.992376356459952e-08
chr19_44921320	3.528356758301782e-08
chr19_44915631	4.251371318600513e-09
chr19_44918353	0.0
chr19_44907338	0.0
chr19_44909972	0.0
chr19_44920124	0.0
chr19_44909083	0.0
chr19_44909080	0.0
chr19_44907853	0.0
chr19_44920574	0.0
chr19_44907768	0.0
chr19_44906693	0.0
chr19_44910032	0.0
chr19_44906691	0.0
chr19_44905324	0.0
chr19_44905154	0.0
chr19_44904270	0.0
chr19_44904027	0.0
chr19_44903856	0.0
chr19_44909974	0.0
chr19_44910595	0.0
chr19_44918263	0.0
chr19_44914357	0.0
chr19_44917970	0.0
chr19_44916348	0.0
chr19_44916210	0.0
chr19_44918870	0.0
chr19_44915599	0.0
chr19_44915384	0.0
chr19_44914242	0.0
chr19_44911963	0.0
chr19_44913898	0.0
chr19_44919359	0.0
chr19_44913880	0.0
chr19_44913347	0.0
chr19_44913339	0.0
chr19_44903202	0.0
chr19_44903182	0.0
